//uId, emailAdress, userName
u1,u1@test.com,User1
u2,u2@test.com,User2
u3,u3@test.com,User3
u4,u4@test.com,User4
u5,u5@test.com,User5
u6,u6@test.com,User6
u7,u7@test.com,User7
u8,u8@test.com,User8
u9,u9@test.com,User9
u10,u10@test.com,User10
u207996,Henry@test.com,Henry P Knapp
u1902826,Shirley@test.com,Shirley Lo
u1122730940,Constance@test.com,Constance Pryor
u105819,Melody@test.com,Melody Quintana
u37512888,Linda@test.com,Linda Wolff Gaviria
u100009002097285,Margareth@test.com,Margareth Silva
u500961541,Herbert@test.com,Herbert Gambill
u515114728,Joan@test.com,Joan Enright
u504586349,Angela@test.com,Angela Zäh
u514451010,Bill@test.com,Bill Fumerola
u1269310833208380,Merl@test.com,Merle
u751543357,Arturo@test.com,Arturo Bobrow
u500020500,George@test.com,George Lee
u1471726074,Jennifer@test.com,Jennifer Ackerman
u4,Mark@test.com,Mark Zuckerberg
u1002816,Kathleen@test.com,Kathleen Loughlin Estreich
u10210869,Erin@test.com,Erin (Kanaley) Famularo
u1933166,Charles@test.com,Charles Lu
u100044361850784,will.i.a@test.com,will.i.am
u100002397837398,Adrian@test.com,Adrian Ponce
u27921,David@test.com,David Fisch
u39501269,Donita@test.com,Donita Binford
u1224927730,Marlene@test.com,Marlene Ashworth
u736695146,Holly@test.com,Holly VonDemfange
u100044184771988,Thomas@test.com,Thomas Frank
u623152,Rodney@test.com,Rodney Gibson
u100009406992193,Michelle@test.com,Michelle Valerio Justo
u116200415,Brenda@test.com,Brenda Ton
u48100295,Andrew@test.com,Andrew Poole
u167751856750687,Tarocchi@test.com,Tarocchi di Vanessa- Amore e fortuna
u9418141,Joel@test.com,Joel Seligstein
u214707,Jerry@test.com,Jerry Cain
u500010222,Cameron@test.com,Cameron Marlow
u500011461,Denise@test.com,Denise Litherland
u753898251,Pamela@test.com,Pamela Grover
u10709390,Franklyn@test.com,Franklyn Chien
u640872188,Donald@test.com,Donald Lau
u682831429,Brian@test.com,Brian Lau
u696093150,Barbara@test.com,Barbara Jo Helff
u1070342128,Charles@test.com,Charles Alix
u210081,Scott@test.com,Scott Marlette
u665475577,Emily@test.com,Emily Schoenfeld
u503524200,Janet@test.com,Janet Gardner
u3500614,Lillian@test.com,Lillian Mao
u629100018,Lynne@test.com,Lynne Polischuik
u220113,Hazel@test.com,Hazel Shade
u1587592311,Emmett@test.com,Emmett Meek
u6405122,Evelyn@test.com,Evelyn Rasmussen
u1001896,Bobby@test.com,Bobby Kellogg
u2505690,Danny@test.com,Danny Conway
u1226643972,Winona@test.com,Winona Atmaja
u10081584315,Betty@test.com,Betty Crocker
u654336149,Ray@test.com,Ray Ko
u1050288044,Luis@test.com,Luis Eduardo Pertusa Honrubia
u675265258,Sunset@test.com,Sunset Pérez
u1680643142,Luetta@test.com,Luetta Todd Brutsche
u727637521,Clara@test.com,Clara Lim
u88276686377,Stella@test.com,Stella Artois
u15749,Julia@test.com,Julia Schwartzman Popowitz
u3501774,Robert@test.com,Robert Johnson
u116053975121482,Thomas@test.com,Thomas Frank
u213748,Daniel@test.com,Daniel Gibson
u699566061,Donna@test.com,Donna Jelly Mae
u714548598,Richard@test.com,Richard Cooperstein
u505162988,Cliff@test.com,Cliff Ellgen
u1311261,Peggy@test.com,Peggy Tseng
u500025064,Jason@test.com,Jason Haase
u1220199124,Lakeshia@test.com,Lakeshia M. Poole
u110817,Henry@test.com,Henry P Knapp
u4800348,James@test.com,James Leszczenski
u1365308970,Kenneth@test.com,Kenneth Teow
u199102723,Charlie@test.com,Charlie Stimmler
u504374077,Ron@test.com,Ron Dollete
u599166957,Brandie@test.com,Brandie Williams
u203909,Isaac@test.com,Isaac Hellendag
u500225383,Brandon@test.com,Brandon Bolling
u100000119882992,Henriette@test.com,Henriette Barlebo
u1144549933,Roderick@test.com,Roderick Horton
u132738745815,Computer@test.com,Computer History Museum
u100000600031327,Augusta@test.com,Augusta Dam-Nielsen
u510331197,Johnnie@test.com,Johnnie Manzari
u5600549,Jacqueline@test.com,Jacqueline Kronk
u507455967,Tony@test.com,Tony Cassell